{"metadata":{"asset_id":"2363f4b6-bdf5-4365-96ea-6c6e33044e0b","asset_attributes":["notebook"],"name":"AAAA","asset_type":"notebook","created_at":"2021-06-24T10:53:48Z","description":"","origin_country":"us","owner_id":"IBMid-6640024778","project_id":"07b6dfc9-ec97-4cce-9b9f-39b34ed7a46b","size":207,"tags":["notebook"],"usage":{"last_update_time":1625219994194,"last_updated_at":"2021-07-02T09:59:54Z"}},"entity":{"notebook":{"kernel":{"name":"python3","display_name":"Python 3.7","language":"python"},"originates_from":{"type":"blank"},"runtime":{"environment":"conda2py37-07b6dfc9-ec97-4cce-9b9f-39b34ed7a46b"}}},"attachments":[{"id":"96c21e0f-7c0c-43c6-bc59-c94f25f72c26","version":2,"asset_type":"notebook","name":"attachment for notebook 2363f4b6-bdf5-4365-96ea-6c6e33044e0b","description":"attachment for notebook 2363f4b6-bdf5-4365-96ea-6c6e33044e0b","mime":"application/json","datasource_type":"193a97c1-4475-4a19-b90c-295c4fdc6517","object_key":"notebook/AAAA_WuUI_O4Ja.ipynb","creator_id":"IBMid-6640024778","create_time":1624532029488,"size":207,"is_remote":false,"is_managed":false,"is_referenced":true,"is_object_key_read_only":false,"is_user_provided_path_key":true,"transfer_complete":true,"is_partitioned":false,"complete_time_ticks":1624532029488,"user_data":{},"test_doc":0,"handle":{"bucket":"segmentingandclusteringneighbourh-donotdelete-pr-pbhfjnodeuo5jr","location":"us-geo","key":"notebook/AAAA_WuUI_O4Ja.ipynb","upload_id":"done","max_part_num":1},"usage":{"access_count":0,"last_accessor_id":"IBMid-6640024778","last_access_time":1624532029488}}]}
